### 12.6.1 算術演算子
* 　+
```Sql
mysql> SELECT 3+5;
+-----+
| 3+5 |
+-----+
|   8 |
+-----+
1 row in set (0.00 sec)
```
* 　-
```sql
mysql> SELECT 3-5;
+-----+
| 3-5 |
+-----+
|  -2 |
+-----+
1 row in set (0.00 sec)
```
* 　*
```sql
mysql> SELECT 3*5;
+-----+
| 3*5 |
+-----+
|  15 |
+-----+
1 row in set (0.00 sec)
```
* /
```sql
mysql> SELECT 3/5;
+--------+
| 3/5    |
+--------+
| 0.6000 |
+--------+
1 row in set (0.00 sec)
```
* DIV
```sql
mysql> SELECT 5 DIV 2, -5 DIV 2, 5 DIV -2, -5 DIV -2;
+---------+----------+----------+-----------+
| 5 DIV 2 | -5 DIV 2 | 5 DIV -2 | -5 DIV -2 |
+---------+----------+----------+-----------+
|       2 |       -2 |       -2 |         2 |
+---------+----------+----------+-----------+
1 row in set (0.00 sec)
```
### 12.6.2 数学関数
* ABS(X)
```sql
mysql> SELECT ABS(-32);
+----------+
| ABS(-32) |
+----------+
|       32 |
+----------+
1 row in set (0.00 sec)
```
* ACOS(X)
```sql
mysql> SELECT ACOS(1);
+---------+
| ACOS(1) |
+---------+
|       0 |
+---------+
1 row in set (0.00 sec)

mysql> SELECT ACOS(1.0001);
+--------------+
| ACOS(1.0001) |
+--------------+
|         NULL |
+--------------+
1 row in set (0.00 sec)

mysql> SELECT ACOS(0);
+--------------------+
| ACOS(0)            |
+--------------------+
| 1.5707963267948966 |
+--------------------+
1 row in set (0.00 sec)
```
* ASIN(X)
```Sql
mysql> SELECT ASIN(0.2);
+--------------------+
| ASIN(0.2)          |
+--------------------+
| 0.2013579207903308 |
+--------------------+
1 row in set (0.00 sec)

mysql> SELECT ASIN('foo');
+-------------+
| ASIN('foo') |
+-------------+
|           0 |
+-------------+
1 row in set, 1 warning (0.00 sec)

mysql> SHOW WARNINGS;
+---------+------+-----------------------------------------+
| Level   | Code | Message                                 |
+---------+------+-----------------------------------------+
| Warning | 1292 | Truncated incorrect DOUBLE value: 'foo' |
+---------+------+-----------------------------------------+
1 row in set (0.00 sec)
```
* ATAN(X)
```sql
mysql> SELECT ATAN(2);
+--------------------+
| ATAN(2)            |
+--------------------+
| 1.1071487177940904 |
+--------------------+
1 row in set (0.00 sec)

mysql> SELECT ATAN(-2);
+---------------------+
| ATAN(-2)            |
+---------------------+
| -1.1071487177940904 |
+---------------------+
1 row in set (0.00 sec)
```
* CEILING(X)
```sql
mysql> SELECT CEILING(1.23);
+---------------+
| CEILING(1.23) |
+---------------+
|             2 |
+---------------+
1 row in set (0.00 sec)
mysql> SELECT CEILING(-1.23);
+----------------+
| CEILING(-1.23) |
+----------------+
|             -1 |
+----------------+
1 row in set (0.00 sec)
```
* CONV(N,from_base,to_base)
```sql
mysql> SELECT CONV('a',16,2);
+----------------+
| CONV('a',16,2) |
+----------------+
| 1010           |
+----------------+
1 row in set (0.00 sec)

mysql> SELECT CONV(10+'10'+'10'+X'0a',10,10);
+--------------------------------+
| CONV(10+'10'+'10'+X'0a',10,10) |
+--------------------------------+
| 40                             |
+--------------------------------+
1 row in set (0.00 sec)
```
* COS(X)
```sql
mysql> SELECT COS(PI());
+-----------+
| COS(PI()) |
+-----------+
|        -1 |
+-----------+
1 row in set (0.00 sec)
```
* COT(X)
```sql
mysql> SELECT COT(12);
+---------------------+
| COT(12)             |
+---------------------+
| -1.5726734063976893 |
+---------------------+
1 row in set (0.00 sec)

```
* CRC32(expr)
```sql
mysql> SELECT CRC32('MySQL');
+----------------+
| CRC32('MySQL') |
+----------------+
|     3259397556 |
+----------------+
1 row in set (0.00 sec)

```
* DEGREES(X)
```sql
mysql> SELECT DEGREES(PI());
+---------------+
| DEGREES(PI()) |
+---------------+
|           180 |
+---------------+
1 row in set (0.00 sec)
```
* EXP(X)
```Sql
mysql> SELECT EXP(2);
+------------------+
| EXP(2)           |
+------------------+
| 7.38905609893065 |
+------------------+
1 row in set (0.00 sec)

mysql> SELECT EXP(-2);
+--------------------+
| EXP(-2)            |
+--------------------+
| 0.1353352832366127 |
+--------------------+
1 row in set (0.00 sec)
```
* FLOOR(X)
```sql
mysql> SELECT FLOOR(1.23), FLOOR(-1.23);
+-------------+--------------+
| FLOOR(1.23) | FLOOR(-1.23) |
+-------------+--------------+
|           1 |           -2 |
+-------------+--------------+
1 row in set (0.00 sec)
```
* LN(X)
```sql
mysql> SELECT LN(2);
+--------------------+
| LN(2)              |
+--------------------+
| 0.6931471805599453 |
+--------------------+
1 row in set (0.00 sec)
```
* LOG(X), LOG(B,X)
```sql
mysql> SELECT LOG(2);
+--------------------+
| LOG(2)             |
+--------------------+
| 0.6931471805599453 |
+--------------------+
1 row in set (0.00 sec)
```
* LOG2(X)
```sql
mysql> SELECT LOG2(65536);
+-------------+
| LOG2(65536) |
+-------------+
|          16 |
+-------------+
1 row in set (0.00 sec)
```
* LOG10(X)
```sql
mysql> SELECT LOG10(100);
+------------+
| LOG10(100) |
+------------+
|          2 |
+------------+
1 row in set (0.00 sec)
```
* MOD(N,M), N % M, N MOD M
```sql

mysql> SELECT MOD(234, 10);
+--------------+
| MOD(234, 10) |
+--------------+
|            4 |
+--------------+
1 row in set (0.00 sec)
```
* PI()
```sql
mysql> SELECT PI();
+----------+
| PI()     |
+----------+
| 3.141593 |
+----------+
1 row in set (0.00 sec)
```
* POW(X,Y)
```sql
mysql> SELECT POW(2,2);
+----------+
| POW(2,2) |
+----------+
|        4 |
+----------+
1 row in set (0.00 sec)
```
* RADIANS(X)
```sql
mysql> SELECT RADIANS(90);
+--------------------+
| RADIANS(90)        |
+--------------------+
| 1.5707963267948966 |
+--------------------+
1 row in set (0.00 sec)
```
* RAND([N])
```sql
mysql> SELECT FLOOR(7 + (RAND() * 5));
+-------------------------+
| FLOOR(7 + (RAND() * 5)) |
+-------------------------+
|                       8 |
+-------------------------+
1 row in set (0.00 sec)

mysql> CREATE TABLE t (i INT);
Query OK, 0 rows affected (0.03 sec)

mysql> INSERT INTO t VALUES(1),(2),(3);
Query OK, 3 rows affected (0.01 sec)
Records: 3  Duplicates: 0  Warnings: 0

mysql> SELECT i, RAND() FROM t;
+------+--------------------+
| i    | RAND()             |
+------+--------------------+
|    1 | 0.4683524216230516 |
|    2 | 0.2699408794473306 |
|    3 | 0.9446471631011434 |
+------+--------------------+
3 rows in set (0.00 sec)
```
* ROUND(X), ROUND(X,D)
```sql
mysql> SELECT ROUND(-1.23);
+--------------+
| ROUND(-1.23) |
+--------------+
|           -1 |
+--------------+
1 row in set (0.00 sec)

mysql> SELECT ROUND(1.58);
+-------------+
| ROUND(1.58) |
+-------------+
|           2 |
+-------------+
1 row in set (0.00 sec)
```
* SIGN(X)
```sql
mysql> SELECT SIGN(-32);
+-----------+
| SIGN(-32) |
+-----------+
|        -1 |
+-----------+
1 row in set (0.00 sec)

mysql> SELECT SIGN(0);
+---------+
| SIGN(0) |
+---------+
|       0 |
+---------+
1 row in set (0.00 sec)

mysql> SELECT SIGN(234);
+-----------+
| SIGN(234) |
+-----------+
|         1 |
+-----------+
1 row in set (0.00 sec)
```
* SIN(X)
```sql
mysql> SELECT SIN(PI());
+------------------------+
| SIN(PI())              |
+------------------------+
| 1.2246467991473532e-16 |
+------------------------+
1 row in set (0.00 sec)
```
* SQRT(X)
```sql
mysql> SELECT SQRT(4);
+---------+
| SQRT(4) |
+---------+
|       2 |
+---------+
1 row in set (0.00 sec)
```
* TAN(X)
```sql
mysql> SELECT TAN(PI());
+-------------------------+
| TAN(PI())               |
+-------------------------+
| -1.2246467991473532e-16 |
+-------------------------+
1 row in set (0.00 sec)
```
* TRUNCATE(X,D)
```sql
mysql> SELECT TRUNCATE(1.223,1);
+-------------------+
| TRUNCATE(1.223,1) |
+-------------------+
|               1.2 |
+-------------------+
1 row in set (0.00 sec)
```
### 12.7 日付および時間関数
* ADDTIME(expr1,expr2)
```sql
mysql>  SELECT ADDTIME('2007-12-31 23:59:59.999999', '1 1:1:1.000002');
+---------------------------------------------------------+
| ADDTIME('2007-12-31 23:59:59.999999', '1 1:1:1.000002') |
+---------------------------------------------------------+
| 2008-01-02 01:01:01.000001                              |
+---------------------------------------------------------+
1 row in set (0.00 sec)
```
* CONVERT_TZ(dt,from_tz,to_tz)
```sql
mysql> SELECT CONVERT_TZ('2004-01-01 12:00:00','GMT','MET');
+-----------------------------------------------+
| CONVERT_TZ('2004-01-01 12:00:00','GMT','MET') |
+-----------------------------------------------+
| NULL                                          |
+-----------------------------------------------+
1 row in set (0.00 sec)
```
* CURDATE()
```sql
mysql> SELECT CURDATE();
+------------+
| CURDATE()  |
+------------+
| 2023-12-16 |
+------------+
1 row in set (0.00 sec)
```
* CURTIME([fsp])
```sql
mysql> SELECT CURTIME();
+-----------+
| CURTIME() |
+-----------+
| 20:51:31  |
+-----------+
1 row in set (0.00 sec)
```
* DATE(expr)
```sql
mysql> SELECT DATE('2003-12-31 01:02:03');
+-----------------------------+
| DATE('2003-12-31 01:02:03') |
+-----------------------------+
| 2003-12-31                  |
+-----------------------------+
1 row in set (0.00 sec)
```
* DATEDIFF(expr1,expr2)
```sql
mysql> SELECT DATEDIFF('2007-12-31 23:59:59','2007-12-30');
+----------------------------------------------+
| DATEDIFF('2007-12-31 23:59:59','2007-12-30') |
+----------------------------------------------+
|                                            1 |
+----------------------------------------------+
1 row in set (0.00 sec)
```
* DATE_ADD(date,INTERVAL expr unit), DATE_SUB(date,INTERVAL expr unit)
```sql
mysql> SELECT DATE_ADD('2018-05-01',INTERVAL 1 DAY);
+---------------------------------------+
| DATE_ADD('2018-05-01',INTERVAL 1 DAY) |
+---------------------------------------+
| 2018-05-02                            |
+---------------------------------------+
1 row in set (0.00 sec)
```
* DATE_FORMAT(date,format)
```sql
mysql> SELECT DATE_FORMAT('2009-10-04 22:23:00', '%W %M %Y');
+------------------------------------------------+
| DATE_FORMAT('2009-10-04 22:23:00', '%W %M %Y') |
+------------------------------------------------+
| Sunday October 2009                            |
+------------------------------------------------+
1 row in set (0.00 sec)
```
* DAYNAME(date)
```sql
mysql> SELECT DAYNAME('2007-02-03');
+-----------------------+
| DAYNAME('2007-02-03') |
+-----------------------+
| Saturday              |
+-----------------------+
1 row in set (0.00 sec)
```
* DAYOFMONTH(date)
```sql
mysql> SELECT DAYOFMONTH('2007-02-03');
+--------------------------+
| DAYOFMONTH('2007-02-03') |
+--------------------------+
|                        3 |
+--------------------------+
1 row in set (0.00 sec)
```
* DAYOFWEEK(date)
```sql
mysql> SELECT DAYOFWEEK('2007-02-03');
+-------------------------+
| DAYOFWEEK('2007-02-03') |
+-------------------------+
|                       7 |
+-------------------------+
1 row in set (0.01 sec)
```
* DAYOFYEAR(date)
```sql
mysql> SELECT DAYOFYEAR('2007-02-03');
+-------------------------+
| DAYOFYEAR('2007-02-03') |
+-------------------------+
|                      34 |
+-------------------------+
1 row in set (0.00 sec)
```
* EXTRACT(unit FROM date)
```sql

mysql> SELECT EXTRACT(YEAR FROM '2019-07-02');
+---------------------------------+
| EXTRACT(YEAR FROM '2019-07-02') |
+---------------------------------+
|                            2019 |
+---------------------------------+
1 row in set (0.00 sec)
mysql> SELECT EXTRACT(YEAR_MONTH FROM '2019-07-02 01:02:03');
+------------------------------------------------+
| EXTRACT(YEAR_MONTH FROM '2019-07-02 01:02:03') |
+------------------------------------------------+
|                                         201907 |
+------------------------------------------------+
1 row in set (0.00 sec)
```
* FROM_DAYS(N)
```sql
mysql> SELECT FROM_DAYS(730669);
+-------------------+
| FROM_DAYS(730669) |
+-------------------+
| 2000-07-03        |
+-------------------+
1 row in set (0.00 sec)
```
* FROM_UNIXTIME(unix_timestamp[,format])
```sql
mysql> SELECT FROM_UNIXTIME(1447430881);
+---------------------------+
| FROM_UNIXTIME(1447430881) |
+---------------------------+
| 2015-11-14 01:08:01       |
+---------------------------+
1 row in set (0.00 sec)
mysql> SELECT FROM_UNIXTIME(1447430881, '%Y %D %M %h:%i:%s %x');
+---------------------------------------------------+
| FROM_UNIXTIME(1447430881, '%Y %D %M %h:%i:%s %x') |
+---------------------------------------------------+
| 2015 14th November 01:08:01 2015                  |
+---------------------------------------------------+
1 row in set (0.00 sec)
```
* GET_FORMAT({DATE|TIME|DATETIME}, {'EUR'|'USA'|'JIS'|'ISO'|'INTERNAL'})
```sql
mysql> SELECT DATE_FORMAT('2003-10-03',GET_FORMAT(DATE,'EUR'));
+--------------------------------------------------+
| DATE_FORMAT('2003-10-03',GET_FORMAT(DATE,'EUR')) |
+--------------------------------------------------+
| 03.10.2003                                       |
+--------------------------------------------------+
1 row in set (0.00 sec)
```
* HOUR(time)
```sql
mysql> SELECT HOUR('10:05:03');
+------------------+
| HOUR('10:05:03') |
+------------------+
|               10 |
+------------------+
1 row in set (0.00 sec)
```
* LAST_DAY(date)
```sql
mysql> SELECT LAST_DAY('2003-02-05');
+------------------------+
| LAST_DAY('2003-02-05') |
+------------------------+
| 2003-02-28             |
+------------------------+
1 row in set (0.00 sec)
```
* MAKEDATE(year,dayofyear)
```sql
mysql> SELECT MAKEDATE(2011,31), MAKEDATE(2011,32);
+-------------------+-------------------+
| MAKEDATE(2011,31) | MAKEDATE(2011,32) |
+-------------------+-------------------+
| 2011-01-31        | 2011-02-01        |
+-------------------+-------------------+
1 row in set (0.00 sec)
```
* MAKETIME(hour,minute,second)
```sql
mysql> SELECT MAKETIME(12,15,30);
+--------------------+
| MAKETIME(12,15,30) |
+--------------------+
| 12:15:30           |
+--------------------+
1 row in set (0.00 sec)
```
* MICROSECOND(expr)
```sql
mysql> SELECT MICROSECOND('12:00:00.123456');
+--------------------------------+
| MICROSECOND('12:00:00.123456') |
+--------------------------------+
|                         123456 |
+--------------------------------+
1 row in set (0.00 sec)
```
* MINUTE(time)
```sql
mysql> SELECT MINUTE('2008-02-03 10:05:03');
+-------------------------------+
| MINUTE('2008-02-03 10:05:03') |
+-------------------------------+
|                             5 |
+-------------------------------+
1 row in set (0.00 sec)
```
* MONTH(date)
```sql
mysql> SELECT MONTH('2008-02-03');
+---------------------+
| MONTH('2008-02-03') |
+---------------------+
|                   2 |
+---------------------+
1 row in set (0.00 sec)
```
* MONTHNAME(date)
```sql
mysql> SELECT MONTHNAME('2008-02-03');
+-------------------------+
| MONTHNAME('2008-02-03') |
+-------------------------+
| February                |
+-------------------------+
1 row in set (0.00 sec)
```
* NOW([fsp])
```sql
mysql> SELECT NOW();
+---------------------+
| NOW()               |
+---------------------+
| 2023-12-16 21:40:00 |
+---------------------+
1 row in set (0.00 sec)
```
* PERIOD_ADD(P,N)
```sql
mysql> SELECT PERIOD_ADD(200801,2);
+----------------------+
| PERIOD_ADD(200801,2) |
+----------------------+
|               200803 |
+----------------------+
1 row in set (0.00 sec)
```
* PERIOD_DIFF(P1,P2)
```sql
mysql> SELECT PERIOD_DIFF(200802,200703);
+----------------------------+
| PERIOD_DIFF(200802,200703) |
+----------------------------+
|                         11 |
+----------------------------+
1 row in set (0.00 sec)
```
* QUARTER(date)
```sql
mysql> SELECT QUARTER('2008-04-01');
+-----------------------+
| QUARTER('2008-04-01') |
+-----------------------+
|                     2 |
+-----------------------+
1 row in set (0.00 sec)
```
* SECOND(time)
```sql
mysql> SELECT SECOND('10:05:03');
+--------------------+
| SECOND('10:05:03') |
+--------------------+
|                  3 |
+--------------------+
1 row in set (0.00 sec)
```
* SEC_TO_TIME(seconds)
```sql
mysql> SELECT SEC_TO_TIME(2378);
+-------------------+
| SEC_TO_TIME(2378) |
+-------------------+
| 00:39:38          |
+-------------------+
1 row in set (0.00 sec)
```
* STR_TO_DATE(str,format)
```Sql
mysql> SELECT STR_TO_DATE('01,5,2013','%d,%m,%Y');
+-------------------------------------+
| STR_TO_DATE('01,5,2013','%d,%m,%Y') |
+-------------------------------------+
| 2013-05-01                          |
+-------------------------------------+
1 row in set (0.00 sec)
```
* SUBDATE(date,INTERVAL expr unit), SUBDATE(expr,days)
```sql
mysql> SELECT DATE_SUB('2008-01-02', INTERVAL 31 DAY);
+-----------------------------------------+
| DATE_SUB('2008-01-02', INTERVAL 31 DAY) |
+-----------------------------------------+
| 2007-12-02                              |
+-----------------------------------------+
1 row in set (0.00 sec)
```
* SUBTIME(expr1,expr2)
```sql
mysql> SELECT SUBTIME('2007-12-31 23:59:59.999999','1 1:1:1.000002');
+--------------------------------------------------------+
| SUBTIME('2007-12-31 23:59:59.999999','1 1:1:1.000002') |
+--------------------------------------------------------+
| 2007-12-30 22:58:58.999997                             |
+--------------------------------------------------------+
1 row in set (0.00 sec)
```
* SYSDATE([fsp])
```sql
mysql> SELECT SYSDATE(), SLEEP(2), SYSDATE();
+---------------------+----------+---------------------+
| SYSDATE()           | SLEEP(2) | SYSDATE()           |
+---------------------+----------+---------------------+
| 2023-12-16 21:53:01 |        0 | 2023-12-16 21:53:03 |
+---------------------+----------+---------------------+
1 row in set (2.00 sec)
```
* TIME(expr)
```sql
mysql> SELECT TIME('2003-12-31 01:02:03');
+-----------------------------+
| TIME('2003-12-31 01:02:03') |
+-----------------------------+
| 01:02:03                    |
+-----------------------------+
1 row in set (0.00 sec)
```
* TIMEDIFF(expr1,expr2)
```sql
mysql> SELECT TIMEDIFF('2000:01:01 00:00:00',
    ->                      '2000:01:01 00:00:00.000001');
+------------------------------------------------------------------------------------+
| TIMEDIFF('2000:01:01 00:00:00',
                     '2000:01:01 00:00:00.000001') |
+------------------------------------------------------------------------------------+
| -00:00:00.000001                                                                   |
+------------------------------------------------------------------------------------+
1 row in set, 2 warnings (0.00 sec)
```
* TIMESTAMP(expr), TIMESTAMP(expr1,expr2)
```sql
mysql> SELECT TIMESTAMP('2003-12-31');
+-------------------------+
| TIMESTAMP('2003-12-31') |
+-------------------------+
| 2003-12-31 00:00:00     |
+-------------------------+
1 row in set (0.00 sec)
```
* TIMESTAMPADD(unit,interval,datetime_expr)
```sql
mysql> SELECT TIMESTAMPADD(MINUTE,1,'2003-01-02');
+-------------------------------------+
| TIMESTAMPADD(MINUTE,1,'2003-01-02') |
+-------------------------------------+
| 2003-01-02 00:01:00                 |
+-------------------------------------+
1 row in set (0.00 sec)
```
* TIMESTAMPDIFF(unit,datetime_expr1,datetime_expr2)
```sql
mysql> SELECT TIMESTAMPDIFF(MONTH,'2003-02-01','2003-05-01');
+------------------------------------------------+
| TIMESTAMPDIFF(MONTH,'2003-02-01','2003-05-01') |
+------------------------------------------------+
|                                              3 |
+------------------------------------------------+
1 row in set (0.00 sec)
```
* TIME_FORMAT(time,format)
```sql
mysql> SELECT TIME_FORMAT('100:00:00', '%H %k %h %I %l');
+--------------------------------------------+
| TIME_FORMAT('100:00:00', '%H %k %h %I %l') |
+--------------------------------------------+
| 100 100 04 04 4                            |
+--------------------------------------------+
1 row in set (0.00 sec)
```
* TIME_TO_SEC(time)
```sql
mysql> SELECT TIME_TO_SEC('22:23:00');
+-------------------------+
| TIME_TO_SEC('22:23:00') |
+-------------------------+
|                   80580 |
+-------------------------+
1 row in set (0.00 sec)
```
* TO_DAYS(date)
```sql
mysql> SELECT TO_DAYS(950501);
+-----------------+
| TO_DAYS(950501) |
+-----------------+
|          728779 |
+-----------------+
1 row in set (0.00 sec)
```
* TO_SECONDS(expr)
```sql
mysql> SELECT TO_SECONDS(950501);
+--------------------+
| TO_SECONDS(950501) |
+--------------------+
|        62966505600 |
+--------------------+
1 row in set (0.00 sec)
```
* UNIX_TIMESTAMP([date])
```sql
mysql> SELECT UNIX_TIMESTAMP();
+------------------+
| UNIX_TIMESTAMP() |
+------------------+
|       1702732004 |
+------------------+
1 row in set (0.00 sec)
```
* UTC_DATE, UTC_DATE()
```sql
mysql> SELECT UTC_DATE(), UTC_DATE() + 0;
+------------+----------------+
| UTC_DATE() | UTC_DATE() + 0 |
+------------+----------------+
| 2023-12-16 |       20231216 |
+------------+----------------+
1 row in set (0.00 sec)
```
* UTC_TIME, UTC_TIME([fsp])
```sql
mysql> SELECT UTC_TIME(), UTC_TIME() + 0;
+------------+----------------+
| UTC_TIME() | UTC_TIME() + 0 |
+------------+----------------+
| 13:08:22   |         130822 |
+------------+----------------+
1 row in set (0.00 sec)
```
* UTC_TIMESTAMP, UTC_TIMESTAMP([fsp])
```sql
mysql> SELECT UTC_TIMESTAMP(), UTC_TIMESTAMP() + 0;
+---------------------+---------------------+
| UTC_TIMESTAMP()     | UTC_TIMESTAMP() + 0 |
+---------------------+---------------------+
| 2023-12-16 13:09:49 |      20231216130949 |
+---------------------+---------------------+
1 row in set (0.00 sec)
```
* WEEK(date[,mode])
```sql
mysql> SELECT WEEK('2008-02-20');
+--------------------+
| WEEK('2008-02-20') |
+--------------------+
|                  7 |
+--------------------+
1 row in set (0.00 sec)
```
* WEEKDAY(date)
```sql
mysql> SELECT WEEKDAY('2008-02-03 22:23:00');
+--------------------------------+
| WEEKDAY('2008-02-03 22:23:00') |
+--------------------------------+
|                              6 |
+--------------------------------+
1 row in set (0.00 sec)
```
* WEEKOFYEAR(date)
```sql
mysql> SELECT WEEKOFYEAR('2008-02-20');
+--------------------------+
| WEEKOFYEAR('2008-02-20') |
+--------------------------+
|                        8 |
+--------------------------+
1 row in set (0.00 sec)
```
* YEAR(date)
```sql
mysql> SELECT YEAR('1987-01-01');
+--------------------+
| YEAR('1987-01-01') |
+--------------------+
|               1987 |
+--------------------+
1 row in set (0.00 sec)
```
* YEARWEEK(date), YEARWEEK(date,mode)
```sql
mysql> SELECT YEARWEEK('1987-01-01');
+------------------------+
| YEARWEEK('1987-01-01') |
+------------------------+
|                 198652 |
+------------------------+
1 row in set (0.00 sec)
```